challenge,date,max_participants
4,2020-04-20 06:00:00,784
day,num,name,assignment
1,1,kyujong93,100/100
1,2,hks0284,80/100
1,3,allmie,100/100
1,4,story3697,100/100
1,5,terecal,70/100
1,6,tarrazu,100/100
1,7,heeseok.chong,100/100
1,8,sysynh2012,100/100
1,9,cheese.woo,90/100
1,10,cuteursa,90/100
1,11,sogo91q,100/100
1,12,aroma235,90/100
1,13,ibtg0409,100/100
1,14,anslgns1,100/100
1,15,eunchurn.park,90/100
1,16,holy_now,90/100
1,17,tkhwang,90/100
1,18,young92117,100/100
1,19,Stella,100/100
1,20,sajacall82,90/100
1,21,shinysunikko,X
1,22,kyle.song27,70/100
1,23,miniyoung37,70/100
1,24,kimhim7025,90/100
1,25,sddoong,100/100
1,26,이소희,90/100
1,27,jhoon5245,90/100
1,28,iedcon12,90/100
1,29,sagan9,90/100
1,30,shin2101,90/100
1,31,absolutecool18,100/100
1,32,Haneul Ji,100/100
1,33,gangeun25,X
1,34,tb25271,100/100
1,35,7.15junekim,100/100
1,36,deepsky0106,90/100
1,37,jgam,80/100
1,38,mmj2rv9,90/100
1,39,z_zzlzl,90/100
1,40,mukhon1128,90/100
1,41,copyx00,100/100
1,42,doulos2008,100/100
1,43,disneyhan,90/100
1,44,shtingstar,X
1,45,lynn,30/100
1,46,sangmin613,100/100
1,47,mcqui,90/100
1,48,nayun011,100/100
1,49,jieunjeon818,X
1,50,joabyjoa,100/100
1,51,gpdnjs707,90/100
1,52,iandonghun,90/100
1,53,jaykorea93,90/100
1,54,9ma,100/100
1,55,viapolar,80/100
1,56,kure,100/100
1,57,lvly1256rptfqgk,90/100
1,58,mina.park127,100/100
1,59,inqu16,100/100
1,60,vero911,90/100
1,61,eastline,90/100
1,62,heyfranksmile,90/100
1,63,m9dnrs8608,100/100
1,64,sunghk0901,90/100
1,65,jin0kim326,80/100
1,66,Soo,100/100
1,67,arvid117,100/100
1,68,wjdwlsrb423,70/100
1,69,drivespublic,80/100
1,70,tpehdj12,100/100
1,71,mm505050,40/100
1,72,juyonshin,100/100
1,73,eagle_0610,100/100
1,74,hm2712,90/100
1,75,holjune,80/100
1,76,qoik11,100/100
1,77,ok7375,90/100
1,78,sk97.kang,90/100
1,79,kczxc,50/100
1,80,appsleaf,100/100
1,81,lilyss,100/100
1,82,nick.lee.5002,100/100
1,83,artless1112,90/100
1,84,aetheru,X
1,85,a01048588109,100/100
1,86,avecjs,100/100
1,87,orobos654,100/100
1,88,minju.kwon.0417,100/100
1,89,jang2620,70/100
1,90,gsh1231,100/100
1,91,wangjin8855,100/100
1,92,yoonjiyong86,100/100
1,93,kiyhdn,100/100
1,94,sbseok12,90/100
1,95,taehwan920,90/100
1,96,0ecf75viadm,100/100
1,97,wodud2920,100/100
1,98,auddnjs2008,100/100
1,99,ionrabit,100/100
1,100,dami.k.dev,90/100
1,101,Daniel0426,100/100
1,102,jh0623.kim,80/100
1,103,bin7665,80/100
1,104,jhyun,100/100
1,105,tbnsok40,90/100
1,106,bellsilver7,X
1,107,croco0120,X
1,108,peinguin77,100/100
1,109,xkqvor123,80/100
1,110,kdkmulti,60/100
1,111,ggg0811,80/100
1,112,myhouse34,100/100
1,113,jimingoal,100/100
1,114,jjongle99,100/100
1,115,hope4_u,90/100
1,116,ohb4199,40/100
1,117,sittic123,100/100
1,118,wjdgns1734,80/100
1,119,wnsgh5049,100/100
1,120,seungdang123,100/100
1,121,than4502,90/100
1,122,jayoung.kim1,90/100
1,123,ttyt0416,70/100
1,124,bando1335owwpgyu,90/100
1,125,kendfd,90/100
1,126,sangjik9206,100/100
1,127,ofleaf,90/100
1,128,kiss0104040,70/100
1,129,dnsauds,90/100
1,130,daftsound123,X
1,131,quasar0529,100/100
1,132,so_s_code,90/100
1,133,studiopeca.lee,90/100
1,134,plus470,100/100
1,135,wngh203,90/100
1,136,didguscjf95,100/100
1,137,mrzero885,80/100
1,138,kjw970103,50/100
1,139,dbro0423,100/100
1,140,91aiden.lee,90/100
1,141,jjucc99,100/100
1,142,hjy9946,100/100
1,143,fkdlxj3355,60/100
1,144,Zian,90/100
1,145,minamhunmin,80/100
1,146,haileykwon8,80/100
1,147,wlsry45246,90/100
1,148,bae3470,90/100
1,149,ryric.lim,90/100
1,150,popdf10,100/100
1,151,hooo0503,100/100
1,152,wzxy2002,80/100
1,153,DY,100/100
1,154,kkho5555,80/100
1,155,soojin1116,100/100
1,156,coseo1221,70/100
1,157,chlgudwnd123,70/100
1,158,jong951005,80/100
1,159,jy982000,80/100
1,160,piecemakerz,100/100
1,161,busgamer,90/100
1,162,flushh,80/100
1,163,twa333,90/100
1,164,wlgpdnjs8873,100/100
1,165,ccinodev,90/100
1,166,hisundl,30/100
1,167,kdsgood12,60/100
1,168,ogwi0402,100/100
1,169,chariot0511,100/100
1,170,ygflove,90/100
1,171,gojh0111,100/100
1,172,qwes123,70/100
1,173,ayh0429,90/100
1,174,dmdwls0208,60/100
1,175,imbgirl,X
1,176,sohappy1220,90/100
1,177,ziyoung1121,90/100
1,178,dlwogur5656,90/100
1,179,jihk0227,70/100
1,180,kim201212,70/100
1,181,chicori3,100/100
1,182,dspf3527,100/100
1,183,code.minnam,100/100
1,184,ska2748,100/100
1,185,wook2124,100/100
1,186,70000city,90/100
1,187,dyongdi,100/100
1,188,rainha1005,30/100
1,189,younny616,80/100
1,190,carrotcold,100/100
1,191,charleslee522,70/100
1,192,ktx3216,90/100
1,193,marsinn,100/100
1,194,froyo164,90/100
1,195,bloarin,90/100
1,196,bongbong107,100/100
1,197,kwan765,90/100
1,198,cheonyulin,100/100
1,199,mayuz,100/100
1,200,aurora0423,80/100
1,201,chessg55,100/100
1,202,skyhj91,100/100
1,203,kzbaram,X
1,204,jcm940308,90/100
1,205,esspacetom,90/100
1,206,noonbitlove,100/100
1,207,kcdmlry,80/100
1,208,mongze,70/100
1,209,lena7173,100/100
1,210,uy23,100/100
1,211,hero_come,80/100
1,212,rsm0503,90/100
1,213,lineagemint,X
1,214,c01d_br0th3r,90/100
1,215,am030927,90/100
1,216,119wjw,50/100
1,217,slsms311@gmail.com,X
1,218,jihoon2723,X
1,219,imsong1997,100/100
1,220,tkdtn800,100/100
1,221,ynj3126,100/100
1,222,ggmmll0620,100/100
1,223,md2eoseo,90/100
1,224,kdhyo98,100/100
1,225,yellowray,90/100
1,226,thgud25,100/100
1,227,22mallox,100/100
1,228,ars_magica,80/100
1,229,gamja941126,100/100
1,230,jiheenim27,100/100
1,231,moneymakesman,100/100
1,232,byeoru215,100/100
1,233,developer.julie93,70/100
1,234,dltjsals6356,100/100
1,235,xotkd5972,90/100
1,236,go961031,100/100
1,237,galaxyhi4276,70/100
1,238,canopenerKim,100/100
1,239,wjddustmdrj,100/100
1,240,ichung91,100/100
1,241,woorjb133,100/100
1,242,deusta,100/100
1,243,amkor,100/100
1,244,rkddlsl1001,100/100
1,245,mizi,100/100
1,246,21500514,80/100
1,247,sing2song,90/100
1,248,wonhopark89,70/100
1,249,a95067300,90/100
1,250,hjaedeok,80/100
1,251,1cielo,X
1,252,ehdtn6288,90/100
1,253,dbzos3,X
1,254,xaq03061,100/100
1,255,myasdqweh,100/100
1,256,jaeyounglee9030,80/100
1,257,uom8n105,100/100
1,258,lim104321,90/100
1,259,dnova13,90/100
1,260,Unbeaten,100/100
1,261,apple8250,90/100
1,262,junoooya,90/100
1,263,junghwan0021,70/100
1,264,jinac502,100/100
1,265,wodms4525,100/100
1,266,jooooohee,90/100
1,267,goodvvi,90/100
1,268,jeonseun0000,100/100
1,269,chobobdevelopment,60/100
1,270,gmldus0407,100/100
1,271,vksxkfkttk,100/100
1,272,kingtogi07,70/100
1,273,wjhj669,X
1,274,qnfqnfqnf,100/100
1,275,xptmffk9306,50/100
1,276,dems15802,100/100
1,277,goumi1009,100/100
1,278,joojae26,80/100
1,279,simulacre90,X
1,280,dasolyou,80/100
1,281,chogyeongmo98,90/100
1,282,qowo0420,X
1,283,norton125880,X
1,284,itwipsy17,100/100
1,285,judrin01,100/100
1,286,wkdehsnfl1,100/100
1,287,yth011026,90/100
1,288,seo930807,90/100
1,289,rkdlsld22,100/100
1,290,sky2197kr,90/100
1,291,rbf0214,90/100
1,292,kimmsoll,90/100
1,293,taulmax,90/100
1,294,dbals75,70/100
1,295,mwk0614,100/100
1,296,thecho2cho2,100/100
1,297,dbwk0404,X
1,298,sjl0614,70/100
1,299,jaybymyrrh,X
1,300,ahzi,100/100
1,301,bykim,90/100
1,302,theazxce,100/100
1,303,ghj20345,70/100
1,304,opss2976,X
1,305,maguire1815,100/100
1,306,alliekim0115,100/100
1,307,rlawjdqls95,80/100
1,308,tsc03018,100/100
1,309,hyejinkim1207,100/100
1,310,mwson987,100/100
1,311,bonbon0202,100/100
1,312,sisf0092,60/100
1,313,klerwer2564,100/100
1,314,gphye97,70/100
1,315,khj2235720,100/100
1,316,lgylgy1919,100/100
1,317,hker86,70/100
1,318,noizymob,100/100
1,319,letsummerparty,100/100
1,320,nibblekk,100/100
1,321,showh7,80/100
1,322,rlawogud970301,90/100
1,323,Mapoking,100/100
1,324,guddlf4752,100/100
1,325,tombyun,80/100
1,326,tpqms608,X
1,327,dyha7648,X
1,328,bakseo3060,90/100
1,329,chohyeryungcho,40/100
1,330,jjackii,100/100
1,331,pooh24806,X
1,332,sglee716,100/100
1,333,djliz,90/100
1,334,yunna3828,100/100
1,335,bellnuite,70/100
1,336,k5946k,90/100
1,337,lheojyl,90/100
1,338,albatross918,90/100
1,339,primavera0331,100/100
1,340,gyungteck,90/100
1,341,symphony89,90/100
1,342,AshBell,100/100
1,343,yamiguofficial,100/100
1,344,namja306,80/100
1,345,arymantar321,100/100
1,346,a01050919568,X
1,347,orionx6x,80/100
1,348,zoocasso1590,100/100
1,349,hhan0315,100/100
1,350,sprtms1gh,90/100
1,351,0522dh,70/100
1,352,osh9403,90/100
1,353,hongsj430,90/100
1,354,christopherlee0222,100/100
1,355,seoksam2,X
1,356,bioyeon,70/100
1,357,ntchero,X
1,358,hjyu1408,100/100
1,359,readysetgo88,100/100
1,360,greendog03,100/100
1,361,choi.hannah,100/100
1,362,funny4u,100/100
1,363,juhyeon927,90/100
1,364,saintluxpgw,90/100
1,365,nowhhk,X
1,366,gyqls0830,50/100
1,367,dndpr24,90/100
1,368,indi121,80/100
1,369,seongmin0801,100/100
1,370,ykdy3951,50/100
1,371,askysoul,70/100
1,372,neophilia85,90/100
1,373,tmddnjs12580,100/100
1,374,wintering2448,100/100
1,375,eunji.lee37,80/100
1,376,foamless,90/100
1,377,jon.ganebski,90/100
1,378,rdcmji,100/100
1,379,2kanghee1,90/100
1,380,ironlove77,100/100
1,381,ddaeddae.kim,70/100
1,382,telestop,60/100
1,383,selena.jy.lee,80/100
1,384,gyeyoon2,80/100
1,385,awesomeo184,100/100
1,386,danian1908,60/100
1,387,onhyhk,90/100
1,388,sonajin11,60/100
1,389,EPOCS,100/100
1,390,kimgusqls1,70/100
1,391,wjsgksdnf11,80/100
1,392,leeact.js,100/100
1,393,jaesung7669,90/100
1,394,kimheeyeon1103,90/100
1,395,leekh9047,100/100
1,396,guitarlove00,70/100
1,397,victoria0707,X
1,398,yonjijo,40/100
1,399,ljh1012kr,90/100
1,400,bgdonghwi,80/100
1,401,monsterkos10,100/100
1,402,KID,100/100
1,403,wlahdl94,100/100
1,404,cw10108,100/100
1,405,hyunwhakim91,90/100
1,406,paul619,60/100
1,407,skaleevn,80/100
1,408,kpkim1988,80/100
1,409,kimms9559,100/100
1,410,gprb4740,100/100
1,411,pthink90,100/100
1,412,kswjip1,100/100
1,413,uem2530,80/100
1,414,jeong020475,70/100
1,415,pffiro,X
1,416,ocean1229,80/100
1,417,salswnss,70/100
1,418,allbybit,80/100
1,419,devsari,80/100
1,420,didls1228,50/100
1,421,youleenang,100/100
1,422,lupanfree,90/100
1,423,seungyeon,100/100
1,424,itvery24680,90/100
1,425,kebee19,90/100
1,426,hemi_j,70/100
1,427,ychae1997,90/100
1,428,donbae9300,100/100
1,429,rlxo1651,100/100
1,430,zhfkaepdh137,90/100
1,431,hshine1226,90/100
1,432,bluseharp,90/100
1,433,semisemison,50/100
1,434,kangit2013,100/100
1,435,edoyun,70/100
1,436,sitpo96,100/100
1,437,yty9323,90/100
1,438,richardl22245,90/100
1,439,notarious0110,100/100
1,440,goidtv,70/100
1,441,andongjoo1,60/100
1,442,kimenhye3,90/100
1,443,taewookimmr,100/100
1,444,prwiny,100/100
1,445,panda_g02,80/100
1,446,ryuryu10,80/100
2,1,kyujong93,180/190
2,2,hks0284,180/190
2,3,allmie,190/190
2,4,story3697,190/190
2,5,terecal,190/190
2,6,tarrazu,180/190
2,7,heeseok.chong,180/190
2,8,sysynh2012,170/190
2,9,cheese.woo,160/190
2,10,cuteursa,X
2,11,sogo91q,170/190
2,12,aroma235,150/190
2,13,ibtg0409,170/190
2,14,anslgns1,180/190
2,15,eunchurn.park,190/190
2,16,holy_now,170/190
2,17,tkhwang,180/190
2,18,young92117,190/190
2,19,Stella,180/190
2,20,sajacall82,170/190
2,21,shinysunikko,170/190
2,22,kyle.song27,170/190
2,23,miniyoung37,180/190
2,24,kimhim7025,190/190
2,25,sddoong,180/190
2,26,이소희,170/190
2,27,jhoon5245,180/190
2,28,iedcon12,190/190
2,29,sagan9,170/190
2,30,shin2101,X
2,31,absolutecool18,190/190
2,32,Haneul Ji,190/190
2,33,gangeun25,170/190
2,34,tb25271,180/190
2,35,7.15junekim,180/190
2,36,deepsky0106,190/190
2,37,jgam,140/190
2,38,mmj2rv9,180/190
2,39,z_zzlzl,160/190
2,40,mukhon1128,180/190
2,41,copyx00,190/190
2,42,doulos2008,190/190
2,43,disneyhan,180/190
2,44,shtingstar,170/190
2,45,lynn,70/190
2,46,sangmin613,190/190
2,47,mcqui,190/190
2,48,nayun011,190/190
2,49,jieunjeon818,180/190
2,50,joabyjoa,190/190
2,51,gpdnjs707,180/190
2,52,iandonghun,190/190
2,53,jaykorea93,180/190
2,54,9ma,190/190
2,55,viapolar,160/190
2,56,kure,190/190
2,57,lvly1256rptfqgk,170/190
2,58,mina.park127,190/190
2,59,inqu16,190/190
2,60,vero911,X
2,61,eastline,180/190
2,62,heyfranksmile,180/190
2,63,m9dnrs8608,190/190
2,64,sunghk0901,190/190
2,65,jin0kim326,140/190
2,66,Soo,190/190
2,67,arvid117,170/190
2,68,wjdwlsrb423,180/190
2,69,drivespublic,X
2,70,tpehdj12,180/190
2,71,mm505050,140/190
2,72,juyonshin,X
2,73,eagle_0610,180/190
2,74,hm2712,170/190
2,75,holjune,X
2,76,qoik11,170/190
2,77,ok7375,190/190
2,78,sk97.kang,190/190
2,79,kczxc,X
2,80,appsleaf,180/190
2,81,lilyss,180/190
2,82,nick.lee.5002,180/190
2,83,artless1112,180/190
2,84,aetheru,190/190
2,85,a01048588109,180/190
2,86,avecjs,190/190
2,87,orobos654,X
2,88,minju.kwon.0417,180/190
2,89,jang2620,170/190
2,90,gsh1231,170/190
2,91,wangjin8855,180/190
2,92,yoonjiyong86,190/190
2,93,kiyhdn,190/190
2,94,sbseok12,190/190
2,95,taehwan920,180/190
2,96,0ecf75viadm,X
2,97,wodud2920,180/190
2,98,auddnjs2008,170/190
2,99,ionrabit,170/190
2,100,dami.k.dev,160/190
2,101,Daniel0426,170/190
2,102,jh0623.kim,190/190
2,103,bin7665,170/190
2,104,jhyun,150/190
2,105,tbnsok40,170/190
2,106,bellsilver7,160/190
2,107,croco0120,180/190
2,108,peinguin77,190/190
2,109,xkqvor123,150/190
2,110,kdkmulti,150/190
2,111,ggg0811,190/190
2,112,myhouse34,X
2,113,jimingoal,180/190
2,114,jjongle99,190/190
2,115,hope4_u,190/190
2,116,ohb4199,X
2,117,sittic123,190/190
2,118,wjdgns1734,130/190
2,119,wnsgh5049,180/190
2,120,seungdang123,190/190
2,121,than4502,190/190
2,122,jayoung.kim1,180/190
2,123,ttyt0416,X
2,124,bando1335owwpgyu,150/190
2,125,kendfd,130/190
2,126,sangjik9206,180/190
2,127,ofleaf,190/190
2,128,kiss0104040,190/190
2,129,dnsauds,170/190
2,130,daftsound123,140/190
2,131,quasar0529,180/190
2,132,so_s_code,X
2,133,studiopeca.lee,160/190
2,134,plus470,170/190
2,135,wngh203,180/190
2,136,didguscjf95,190/190
2,137,mrzero885,160/190
2,138,kjw970103,170/190
2,139,dbro0423,170/190
2,140,91aiden.lee,190/190
2,141,jjucc99,180/190
2,142,hjy9946,190/190
2,143,fkdlxj3355,180/190
2,144,Zian,180/190
2,145,minamhunmin,180/190
2,146,haileykwon8,180/190
2,147,wlsry45246,190/190
2,148,bae3470,180/190
2,149,ryric.lim,190/190
2,150,popdf10,190/190
2,151,hooo0503,190/190
2,152,wzxy2002,180/190
2,153,DY,180/190
2,154,kkho5555,190/190
2,155,soojin1116,180/190
2,156,coseo1221,180/190
2,157,chlgudwnd123,180/190
2,158,jong951005,180/190
2,159,jy982000,X
2,160,piecemakerz,190/190
2,161,busgamer,180/190
2,162,flushh,X
2,163,twa333,170/190
2,164,wlgpdnjs8873,170/190
2,165,ccinodev,180/190
2,166,hisundl,160/190
2,167,kdsgood12,170/190
2,168,ogwi0402,190/190
2,169,chariot0511,180/190
2,170,ygflove,190/190
2,171,gojh0111,190/190
2,172,qwes123,190/190
2,173,ayh0429,180/190
2,174,dmdwls0208,180/190
2,175,imbgirl,180/190
2,176,sohappy1220,X
2,177,ziyoung1121,190/190
2,178,dlwogur5656,180/190
2,179,jihk0227,160/190
2,180,kim201212,X
2,181,chicori3,180/190
2,182,dspf3527,170/190
2,183,code.minnam,170/190
2,184,ska2748,180/190
2,185,wook2124,180/190
2,186,70000city,180/190
2,187,dyongdi,190/190
2,188,rainha1005,140/190
2,189,younny616,190/190
2,190,carrotcold,180/190
2,191,charleslee522,180/190
2,192,ktx3216,190/190
2,193,marsinn,180/190
2,194,froyo164,180/190
2,195,bloarin,190/190
2,196,bongbong107,190/190
2,197,kwan765,X
2,198,cheonyulin,180/190
2,199,mayuz,180/190
2,200,aurora0423,X
2,201,chessg55,190/190
2,202,skyhj91,160/190
2,203,kzbaram,180/190
2,204,jcm940308,180/190
2,205,esspacetom,170/190
2,206,noonbitlove,160/190
2,207,kcdmlry,170/190
2,208,mongze,170/190
2,209,lena7173,190/190
2,210,uy23,160/190
2,211,hero_come,130/190
2,212,rsm0503,190/190
2,213,lineagemint,160/190
2,214,c01d_br0th3r,180/190
2,215,am030927,170/190
2,216,119wjw,160/190
2,217,slsms311@gmail.com,120/190
2,218,jihoon2723,140/190
2,219,imsong1997,190/190
2,220,tkdtn800,190/190
2,221,ynj3126,190/190
2,222,ggmmll0620,170/190
2,223,md2eoseo,180/190
2,224,kdhyo98,160/190
2,225,yellowray,170/190
2,226,thgud25,170/190
2,227,22mallox,190/190
2,228,ars_magica,160/190
2,229,gamja941126,190/190
2,230,jiheenim27,180/190
2,231,moneymakesman,180/190
2,232,byeoru215,190/190
2,233,developer.julie93,X
2,234,dltjsals6356,180/190
2,235,xotkd5972,180/190
2,236,go961031,160/190
2,237,galaxyhi4276,180/190
2,238,canopenerKim,170/190
2,239,wjddustmdrj,180/190
2,240,ichung91,180/190
2,241,woorjb133,190/190
2,242,deusta,X
2,243,amkor,180/190
2,244,rkddlsl1001,190/190
2,245,mizi,180/190
2,246,21500514,180/190
2,247,sing2song,190/190
2,248,wonhopark89,170/190
2,249,a95067300,170/190
2,250,hjaedeok,160/190
2,251,1cielo,190/190
2,252,ehdtn6288,180/190
2,253,dbzos3,190/190
2,254,xaq03061,170/190
2,255,myasdqweh,180/190
2,256,jaeyounglee9030,180/190
2,257,uom8n105,180/190
2,258,lim104321,170/190
2,259,dnova13,170/190
2,260,Unbeaten,190/190
2,261,apple8250,180/190
2,262,junoooya,190/190
2,263,junghwan0021,190/190
2,264,jinac502,160/190
2,265,wodms4525,190/190
2,266,jooooohee,170/190
2,267,goodvvi,170/190
2,268,jeonseun0000,190/190
2,269,chobobdevelopment,160/190
2,270,gmldus0407,190/190
2,271,vksxkfkttk,150/190
2,272,kingtogi07,X
2,273,wjhj669,170/190
2,274,qnfqnfqnf,180/190
2,275,xptmffk9306,150/190
2,276,dems15802,170/190
2,277,goumi1009,190/190
2,278,joojae26,190/190
2,279,simulacre90,180/190
2,280,dasolyou,180/190
2,281,chogyeongmo98,180/190
2,282,qowo0420,170/190
2,283,norton125880,130/190
2,284,itwipsy17,180/190
2,285,judrin01,190/190
2,286,wkdehsnfl1,180/190
2,287,yth011026,130/190
2,288,seo930807,180/190
2,289,rkdlsld22,180/190
2,290,sky2197kr,170/190
2,291,rbf0214,170/190
2,292,kimmsoll,130/190
2,293,taulmax,190/190
2,294,dbals75,170/190
2,295,mwk0614,190/190
2,296,thecho2cho2,190/190
2,297,dbwk0404,160/190
2,298,sjl0614,180/190
2,299,jaybymyrrh,170/190
2,300,ahzi,190/190
2,301,bykim,X
2,302,theazxce,180/190
2,303,ghj20345,190/190
2,304,opss2976,170/190
2,305,maguire1815,190/190
2,306,alliekim0115,190/190
2,307,rlawjdqls95,180/190
2,308,tsc03018,190/190
2,309,hyejinkim1207,170/190
2,310,mwson987,180/190
2,311,bonbon0202,180/190
2,312,sisf0092,X
2,313,klerwer2564,170/190
2,314,gphye97,180/190
2,315,khj2235720,190/190
2,316,lgylgy1919,180/190
2,317,hker86,X
2,318,noizymob,180/190
2,319,letsummerparty,180/190
2,320,nibblekk,170/190
2,321,showh7,90/190
2,322,rlawogud970301,190/190
2,323,Mapoking,180/190
2,324,guddlf4752,180/190
2,325,tombyun,190/190
2,326,tpqms608,180/190
2,327,dyha7648,190/190
2,328,bakseo3060,190/190
2,329,chohyeryungcho,170/190
2,330,jjackii,180/190
2,331,pooh24806,130/190
2,332,sglee716,190/190
2,333,djliz,190/190
2,334,yunna3828,180/190
2,335,bellnuite,170/190
2,336,k5946k,170/190
2,337,lheojyl,170/190
2,338,albatross918,180/190
2,339,primavera0331,X
2,340,gyungteck,190/190
2,341,symphony89,190/190
2,342,AshBell,190/190
2,343,yamiguofficial,190/190
2,344,namja306,160/190
2,345,arymantar321,180/190
2,346,a01050919568,180/190
2,347,orionx6x,190/190
2,348,zoocasso1590,180/190
2,349,hhan0315,190/190
2,350,sprtms1gh,180/190
2,351,0522dh,140/190
2,352,osh9403,170/190
2,353,hongsj430,X
2,354,christopherlee0222,190/190
2,355,seoksam2,130/190
2,356,bioyeon,X
2,357,ntchero,180/190
2,358,hjyu1408,190/190
2,359,readysetgo88,170/190
2,360,greendog03,190/190
2,361,choi.hannah,190/190
2,362,funny4u,180/190
2,363,juhyeon927,X
2,364,saintluxpgw,130/190
2,365,nowhhk,170/190
2,366,gyqls0830,120/190
2,367,dndpr24,170/190
2,368,indi121,160/190
2,369,seongmin0801,190/190
2,370,ykdy3951,180/190
2,371,askysoul,170/190
2,372,neophilia85,190/190
2,373,tmddnjs12580,170/190
2,374,wintering2448,190/190
2,375,eunji.lee37,150/190
2,376,foamless,160/190
2,377,jon.ganebski,190/190
2,378,rdcmji,170/190
2,379,2kanghee1,180/190
2,380,ironlove77,190/190
2,381,ddaeddae.kim,180/190
2,382,telestop,190/190
2,383,selena.jy.lee,190/190
2,384,gyeyoon2,160/190
2,385,awesomeo184,X
2,386,danian1908,X
2,387,onhyhk,180/190
2,388,sonajin11,180/190
2,389,EPOCS,180/190
2,390,kimgusqls1,X
2,391,wjsgksdnf11,X
2,392,leeact.js,190/190
2,393,jaesung7669,X
2,394,kimheeyeon1103,160/190
2,395,leekh9047,180/190
2,396,guitarlove00,170/190
2,397,victoria0707,160/190
2,398,yonjijo,120/190
2,399,ljh1012kr,190/190
2,400,bgdonghwi,180/190
2,401,monsterkos10,190/190
2,402,KID,180/190
2,403,wlahdl94,180/190
2,404,cw10108,X
2,405,hyunwhakim91,190/190
2,406,paul619,170/190
2,407,skaleevn,160/190
2,408,kpkim1988,170/190
2,409,kimms9559,190/190
2,410,gprb4740,180/190
2,411,pthink90,160/190
2,412,kswjip1,160/190
2,413,uem2530,180/190
2,414,jeong020475,180/190
2,415,pffiro,190/190
2,416,ocean1229,180/190
2,417,salswnss,160/190
2,418,allbybit,170/190
2,419,devsari,190/190
2,420,didls1228,170/190
2,421,youleenang,160/190
2,422,lupanfree,X
2,423,seungyeon,170/190
2,424,itvery24680,160/190
2,425,kebee19,180/190
2,426,hemi_j,170/190
2,427,ychae1997,180/190
2,428,donbae9300,190/190
2,429,rlxo1651,190/190
2,430,zhfkaepdh137,190/190
2,431,hshine1226,180/190
2,432,bluseharp,190/190
2,433,semisemison,170/190
2,434,kangit2013,180/190
2,435,edoyun,170/190
2,436,sitpo96,190/190
2,437,yty9323,180/190
2,438,richardl22245,150/190
2,439,notarious0110,180/190
2,440,goidtv,180/190
2,441,andongjoo1,X
2,442,kimenhye3,190/190
2,443,taewookimmr,180/190
2,444,prwiny,170/190
2,445,panda_g02,170/190
2,446,ryuryu10,180/190
3,1,kyujong93,https://codesandbox.io/s/day-three-blueprint-dpyfc
3,2,hks0284,https://codesandbox.io/s/day-three-blueprint-ff184
3,3,allmie,https://codesandbox.io/s/vanilasjschallengeday3-dgh3b
3,4,story3697,X
3,5,terecal,https://codesandbox.io/s/js-code-challenge-wh54z
3,6,tarrazu,X
3,7,heeseok.chong,X
3,8,sysynh2012,https://codesandbox.io/s/day-three-blueprint-tpb1s?file=/src/index.js
3,9,cheese.woo,X
3,10,sogo91q,https://codesandbox.io/s/day-three-blueprint-g6pkg
3,11,aroma235,https://codesandbox.io/s/day-three-blueprint-guujo?fontsize=14&hidenavigation=1&theme=dark
3,12,ibtg0409,https://codesandbox.io/s/day-three-blueprint-u29h8?file=/src/index.js
3,13,anslgns1,X
3,14,eunchurn.park,X
3,15,holy_now,https://codesandbox.io/s/day-three-blueprint-cci1r
3,16,tkhwang,X
3,17,young92117,https://codesandbox.io/s/day-three-blueprint-7odcl
3,18,Stella,X
3,19,sajacall82,https://codesandbox.io/s/day-three-blueprint-1tcvq
3,20,shinysunikko,https://codesandbox.io/s/day-three-blueprint-8v1zy?file=/index.html
3,21,kyle.song27,https://codesandbox.io/s/day-three-homework-dsekx?file=/src/index.js
3,22,miniyoung37,https://codesandbox.io/s/day-three-blueprint-b2izb?file=/src/index.js
3,23,kimhim7025,X
3,24,sddoong,https://codesandbox.io/s/day-three-blueprint-pricz?file=/src/index.js
3,25,이소희,https://codesandbox.io/s/day-three-blueprint-j750c
3,26,jhoon5245,https://codesandbox.io/s/day-three-blueprint-2ep9s
3,27,iedcon12,https://codesandbox.io/s/day-three-blueprint-jc644?file=/src/index.js
3,28,sagan9,https://codesandbox.io/s/day-three-blueprint-8nbue?file=/src/index.js
3,29,absolutecool18,https://codesandbox.io/s/day-three-blueprint-8ni9t?file=/src/index.js
3,30,Haneul Ji,https://codesandbox.io/s/day-three-blueprint-wz4os?file=/src/index.js
3,31,gangeun25,https://codesandbox.io/s/day-three-blueprint-76e8y
3,32,tb25271,X
3,33,7.15junekim,https://codesandbox.io/s/day-three-blueprint-zq5qx
3,34,deepsky0106,X
3,35,jgam,https://codesandbox.io/s/day-three-blueprint-2m4xz?file=/src/index.js
3,36,mmj2rv9,https://codesandbox.io/s/day-three-blueprint-xs7zn
3,37,z_zzlzl,X
3,38,mukhon1128,https://codesandbox.io/s/day-three-blueprint-ftz3g
3,39,copyx00,https://codesandbox.io/s/day-three-blueprint-9oh2n
3,40,doulos2008,https://codesandbox.io/s/day-three-blueprint-ohzl4
3,41,disneyhan,X
3,42,lynn,X
3,43,sangmin613,https://codesandbox.io/s/day-three-blueprint-msy9r?file=/src/index.js
3,44,mcqui,https://codesandbox.io/s/day-three-blueprint-w8t01?file=/src/index.js
3,45,nayun011,https://codesandbox.io/s/day-three-blueprint-om1bn
3,46,joabyjoa,https://codesandbox.io/s/day-three-blueprint-vhtkl?file=/src/index.js
3,47,gpdnjs707,https://codesandbox.io/s/day-three-blueprint-u850q
3,48,iandonghun,https://codesandbox.io/s/day-three-blueprint-568et?file=/src/index.js
3,49,jaykorea93,https://codesandbox.io/s/day-three-blueprint-hpkig?file=/src/index.js
3,50,9ma,https://codesandbox.io/s/day-three-blueprint-dqnie
3,51,viapolar,https://codesandbox.io/s/day-three-blueprint-rbcx5
3,52,kure,https://codesandbox.io/s/day-three-blueprint-06ohw?file=/src/index.js
3,53,lvly1256rptfqgk,X
3,54,mina.park127,https://codesandbox.io/s/day-three-blueprint-65yx4?file=/src/index.js
3,55,inqu16,X
3,56,vero911,https://codesandbox.io/s/day-three-blueprint-mdj2d?file=/src/index.js
3,57,eastline,https://codesandbox.io/s/day-three-blueprint-mx965?file=/src/index.js
3,58,heyfranksmile,https://codesandbox.io/s/day-three-blueprint-1jii7?file=/src/index.js
3,59,m9dnrs8608,https://codesandbox.io/s/day-three-blueprint-ol78n
3,60,sunghk0901,https://codesandbox.io/s/day-three-blueprint-3cf05
3,61,jin0kim326,https://codesandbox.io/s/day-three-blueprint-72vul?file=/src/index.js
3,62,Soo,https://codesandbox.io/s/day-three-blueprint-by75f
3,63,arvid117,https://codesandbox.io/s/day-three-homework-107iz
3,64,wjdwlsrb423,https://codesandbox.io/s/firstq-p3fp0?file=/src/index.js
3,65,tpehdj12,https://codesandbox.io/s/day-three-blueprint-qp2lj
3,66,mm505050,X
3,67,eagle_0610,https://codesandbox.io/s/whlgy
3,68,hm2712,X
3,69,holjune,https://codesandbox.io/s/day-three-blueprint-w0g1r
3,70,qoik11,https://codesandbox.io/s/day-three-blueprint-2c9ku?file=/src/index.js
3,71,ok7375,https://codesandbox.io/s/vigorous-tdd-kxf64?file=/index.html
3,72,sk97.kang,https://codesandbox.io/s/day-three-blueprint-bg9ru?file=/src/index.js
3,73,appsleaf,https://codesandbox.io/s/day-three-blueprint-ggrpc
3,74,lilyss,https://codesandbox.io/s/day-three-blueprint-bf9w3
3,75,nick.lee.5002,https://codesandbox.io/s/day-three-blueprint-04d4y
3,76,artless1112,https://codesandbox.io/s/day-three-blueprint-boc7d?file=/src/index.js
3,77,a01048588109,https://codesandbox.io/s/day-three-blueprint-w61gi
3,78,avecjs,https://codesandbox.io/s/vanillajs-day3-q0nsd?file=/src/index.js
3,79,minju.kwon.0417,https://codesandbox.io/s/day-three-blueprint-h4fbd?file=/src/index.js
3,80,jang2620,https://codesandbox.io/s/day-three-blueprint-bf74h?file=/src/index.js
3,81,gsh1231,X
3,82,wangjin8855,https://codesandbox.io/s/day-three-blueprint-9nnyo
3,83,yoonjiyong86,https://codesandbox.io/s/day-three-blueprint-c4enq
3,84,kiyhdn,https://codesandbox.io/s/day-three-blueprint-0r9hs?file=/src/index.js
3,85,sbseok12,https://codesandbox.io/s/day-three-blueprint-lukof
3,86,taehwan920,https://codesandbox.io/s/day-three-blueprint-kspfc
3,87,wodud2920,https://codesandbox.io/s/vanillajschallengeday3-luex7
3,88,auddnjs2008,https://codesandbox.io/s/day-three-blueprint-3v9sd
3,89,ionrabit,https://codesandbox.io/s/quizzical-lichterman-iz63v
3,90,dami.k.dev,https://codesandbox.io/s/day-three-blueprint-5t7t3?file=/src/index.js
3,91,Daniel0426,https://codesandbox.io/s/day-three-blueprint-8srtb?file=/src/index.js
3,92,jh0623.kim,X
3,93,bin7665,https://codesandbox.io/s/day-three-blueprint-8v9bj?file=/src/index.js
3,94,jhyun,https://codesandbox.io/s/day-three-blueprint-tffmt?file=/src/index.js
3,95,tbnsok40,https://codesandbox.io/s/day-three-blueprint-d5ztp?file=/src/index.js
3,96,peinguin77,https://codesandbox.io/s/day-three-blueprint-0bjoy
3,97,xkqvor123,https://codesandbox.io/s/day-three-blueprint-l619b?file=/src/index.js
3,98,kdkmulti,https://codesandbox.io/s/day-three-blueprint-8qtje?file=/src/index.js
3,99,ggg0811,X
3,100,jimingoal,https://codesandbox.io/s/vanillajs-challenge-day3-c0e94?file=/src/index.js
3,101,jjongle99,https://codesandbox.io/s/day-three-blueprint-x3eur?file=/src/index.js
3,102,hope4_u,https://codesandbox.io/s/day-three-blueprint-s5jkt
3,103,ohb4199,https://codesandbox.io/s/day-three-blueprint-dhmp1
3,104,sittic123,https://codesandbox.io/s/day-three-blueprint-eue1q?file=/src/index.js
3,105,wjdgns1734,https://codesandbox.io/s/day-three-blueprint-yjsnc?file=/src/index.js
3,106,wnsgh5049,https://codesandbox.io/s/js-day-three-third-1x9n4
3,107,seungdang123,https://codesandbox.io/s/day-three-blueprint-hqsbw
3,108,than4502,https://codesandbox.io/s/day-three-blueprint-hj62m
3,109,jayoung.kim1,X
3,110,bando1335owwpgyu,https://codesandbox.io/s/day-three-blueprint-l182h?file=/src/index.js
3,111,kendfd,X
3,112,sangjik9206,https://codesandbox.io/s/day-three-blueprint-8s6ul?file=/src/index.js
3,113,ofleaf,https://codesandbox.io/s/day-three-blueprint-7fr3o
3,114,kiss0104040,https://codesandbox.io/s/day-three-blueprint-c1r38?file
3,115,dnsauds,https://codesandbox.io/s/day-three-blueprint-s6p71
3,116,quasar0529,https://codesandbox.io/s/day-three-blueprint-vf1im
3,117,studiopeca.lee,X
3,118,plus470,X
3,119,wngh203,https://codesandbox.io/s/day3vanililajs-nigfr
3,120,didguscjf95,https://codesandbox.io/s/day-three-blueprint-vfk4c
3,121,mrzero885,X
3,122,kjw970103,https://codesandbox.io/s/day-three-blueprint-fj3tc?file=/index.html
3,123,dbro0423,https://codesandbox.io/s/day-three-blueprint-k0tbn
3,124,91aiden.lee,https://codesandbox.io/s/day-three-blueprint-nfblt
3,125,jjucc99,https://codesandbox.io/s/day-three-blueprint-wxc5p
3,126,hjy9946,https://codesandbox.io/s/zyspz
3,127,fkdlxj3355,https://codesandbox.io/s/day-three-blueprint-bhmj5
3,128,Zian,https://codesandbox.io/s/day-three-blueprint-urcbv?file=/src/index.js
3,129,minamhunmin,https://codesandbox.io/s/day-three-blueprint-gnmjl
3,130,haileykwon8,https://codesandbox.io/s/day-three-blueprint-ce37s?file=/src/index.js
3,131,wlsry45246,https://codesandbox.io/s/day-three-blueprint-0onr5?file=/src/index.js
3,132,bae3470,https://codesandbox.io/s/day-three-blueprint-zfhzp?file=/src/index.js
3,133,ryric.lim,https://codesandbox.io/s/day-three-blueprint-l0q57
3,134,popdf10,https://codesandbox.io/s/day-three-blueprint-li1vd
3,135,hooo0503,https://codesandbox.io/s/day-three-blueprint-6weq6?file=/src/index.js
3,136,wzxy2002,X
3,137,DY,https://codesandbox.io/s/day-three-blueprint-7itvz?file=/src/index.js
3,138,kkho5555,https://codesandbox.io/s/day-three-blueprint-t67t9
3,139,soojin1116,https://codesandbox.io/s/day-three-blueprint-5k800
3,140,coseo1221,https://codesandbox.io/s/exciting-diffie-22e64
3,141,chlgudwnd123,https://codesandbox.io/s/day-three-blueprint-hc6z3
3,142,jong951005,https://codesandbox.io/s/day-three-blueprint-lpon0?file=/src/index.js
3,143,piecemakerz,https://codesandbox.io/s/day-three-blueprint-vleu3
3,144,busgamer,https://codesandbox.io/s/day-three-blueprint-o4xow
3,145,flushh,https://codesandbox.io/s/day-three-blueprint-okjoo
3,146,twa333,https://codesandbox.io/s/day-three-blueprint-0j8ic?file
3,147,wlgpdnjs8873,https://codesandbox.io/s/day-three-blueprint-jz0z4?file=/src/index.js
3,148,ccinodev,https://codesandbox.io/s/day-three-blueprint-ru9c0?file=/src/index.js
3,149,hisundl,https://codesandbox.io/s/day-three-blueprint-3pbqr?file=/src/index.js
3,150,kdsgood12,https://codesandbox.io/s/day-three-blueprint-4n0js
3,151,ogwi0402,https://codesandbox.io/s/day-three-blueprint-tutk3?file=/index.html
3,152,chariot0511,https://codesandbox.io/s/day-three-blueprint-u58ec?file=/src/index.js
3,153,ygflove,https://codesandbox.io/s/day-three-blueprint-rtbn6
3,154,gojh0111,https://codesandbox.io/s/day-three-blueprint-r0316
3,155,qwes123,https://codesandbox.io/s/day-three-blueprint-77pmg
3,156,ayh0429,https://codesandbox.io/s/day-three-blueprint-hv8sj?file=/src/index.js
3,157,dmdwls0208,https://codesandbox.io/s/day-three-blueprint-qf2p7?file=/src/index.js
3,158,imbgirl,https://codesandbox.io/s/day-three-blueprint-8l635
3,159,sohappy1220,https://codesandbox.io/s/day-three-blueprint-k9wzp
3,160,ziyoung1121,https://codesandbox.io/s/day-three-blueprint-1nobk?file=/src/index.js
3,161,dlwogur5656,X
3,162,jihk0227,https://codesandbox.io/s/day-three-blueprint-g8jis?file=/src/index.js
3,163,chicori3,https://codesandbox.io/s/vanilajs0422-nfxyc
3,164,dspf3527,X
3,165,code.minnam,https://codesandbox.io/s/day-three-blueprint-uvbue
3,166,ska2748,https://codesandbox.io/s/suspicious-leaf-sy1q7?file=/src/index.js
3,167,wook2124,https://codesandbox.io/s/day-three-blueprint-8di46?file=/src/index.js
3,168,70000city,https://codesandbox.io/s/day-three-blueprint-s8o1s
3,169,dyongdi,https://codesandbox.io/s/day-three-blueprint-c5jpg
3,170,rainha1005,https://codesandbox.io/s/nomad-day3-ghx8f
3,171,younny616,https://codesandbox.io/s/day-three-blueprint-fb8l4
3,172,carrotcold,https://codesandbox.io/s/day-three-blueprint-wd3sf
3,173,charleslee522,https://codesandbox.io/s/day-three-blueprint-89ffw
3,174,ktx3216,https://codesandbox.io/s/day-three-blueprint-e38l4?file=/src/index.js
3,175,marsinn,https://codesandbox.io/s/day-three-blueprint-1uks7
3,176,froyo164,X
3,177,bloarin,https://codesandbox.io/s/hyunchoitan-day3-vanillajs-09unu
3,178,bongbong107,https://codesandbox.io/s/day-three-blueprint-lg6yq
3,179,kwan765,https://codesandbox.io/s/day-three-blueprint-moc0f
3,180,cheonyulin,https://codesandbox.io/s/day-three-blueprint-t6j47?file=/src/index.js
3,181,mayuz,https://codesandbox.io/s/day-three-blueprint-hb242
3,182,aurora0423,https://codesandbox.io/s/day-three-blueprint-w7i06
3,183,chessg55,https://codesandbox.io/s/day-three-blueprint-y16qh
3,184,skyhj91,https://codesandbox.io/s/day-three-blueprint-vpfhc?file=/src/index.js
3,185,kzbaram,https://codesandbox.io/s/day-three-blueprint-4hrpq
3,186,jcm940308,https://codesandbox.io/s/day-three-vb04m
3,187,esspacetom,https://codesandbox.io/s/day-three-blueprint-zof52
3,188,noonbitlove,X
3,189,kcdmlry,https://codesandbox.io/s/vanillajs-challenge-code-day1-3yz2g
3,190,mongze,https://codesandbox.io/s/day-three-blueprint-325xh
3,191,lena7173,https://codesandbox.io/s/day-three-blueprint-4eflq?file=/src/index.js
3,192,uy23,https://codesandbox.io/s/day-three-blueprint-x6ct7
3,193,hero_come,https://codesandbox.io/s/day-three-blueprint-wuydi?file=/src/index.js
3,194,rsm0503,https://codesandbox.io/s/day-three-blueprint-d74rb
3,195,c01d_br0th3r,https://codesandbox.io/s/day-three-blueprint-02eez
3,196,am030927,https://codesandbox.io/s/day-three-blueprint-igubl?file=/index.html
3,197,119wjw,https://codesandbox.io/s/day-three-blueprint-4uwlb?file=/src/index.js
3,198,slsms311@gmail.com,https://codesandbox.io/s/day-three-blueprint-014ep?file=/src/index.js
3,199,imsong1997,https://codesandbox.io/s/day-three-blueprint-n8i9g?file=/src/index.js
3,200,tkdtn800,https://codesandbox.io/s/day-three-blueprint-xbufv
3,201,ynj3126,https://codesandbox.io/s/day-three-blueprint-nuvzg
3,202,ggmmll0620,https://codesandbox.io/s/day-three-blueprint-00692
3,203,md2eoseo,https://codesandbox.io/s/day-three-blueprint-9hobm
3,204,kdhyo98,https://codesandbox.io/s/day-three-blueprint-i5386?file=/src/index.js
3,205,yellowray,https://codesandbox.io/s/day-three-blueprint-xh5ei
3,206,thgud25,X
3,207,22mallox,https://codesandbox.io/s/js-day-three-blueprint-hxk5t?file=/src/index.js
3,208,ars_magica,https://codesandbox.io/s/day-three-blueprint-pwpxd
3,209,gamja941126,https://codesandbox.io/s/day-three-blueprint-hji69
3,210,jiheenim27,https://codesandbox.io/s/day-three-blueprint-ik47h?file=/src/index.js
3,211,moneymakesman,X
3,212,byeoru215,https://codesandbox.io/s/day-three-blueprint-xl9zy?file=/src/index.js
3,213,dltjsals6356,https://codesandbox.io/s/day-three-blueprint-h6z7u?file=/src/index.js
3,214,xotkd5972,X
3,215,go961031,X
3,216,galaxyhi4276,https://codesandbox.io/s/day-three-blueprint-j3yn4
3,217,canopenerKim,https://codesandbox.io/s/day-three-blueprint-tcb7i
3,218,wjddustmdrj,https://codesandbox.io/s/day-three-blueprint-e7idx?file=/src/index.js
3,219,ichung91,https://codesandbox.io/s/day-three-blueprint-uop33?file=/src/index.js
3,220,woorjb133,https://codesandbox.io/s/day-three-blueprint-2jjwx
3,221,amkor,https://codesandbox.io/s/vanilla-day3-code-vm5u1
3,222,rkddlsl1001,https://codesandbox.io/s/elegant-spence-6vqj9
3,223,mizi,https://codesandbox.io/s/day-three-blueprint-msukf?file=/index.html
3,224,21500514,X
3,225,sing2song,https://codesandbox.io/s/day-three-blueprint-vujnv?file=/src/index.js
3,226,wonhopark89,X
3,227,a95067300,https://codesandbox.io/s/day-three-blueprint-5hmo4?file=/src/index.js
3,228,hjaedeok,https://codesandbox.io/s/day-three-blueprint-2lyuh?file=/src/index.js:973-974
3,229,ehdtn6288,https://codesandbox.io/s/day-three-blueprint-gdmk8
3,230,dbzos3,https://codesandbox.io/s/day-three-blueprint-u71m3
3,231,xaq03061,X
3,232,myasdqweh,https://codesandbox.io/s/day-three-blueprint-r49f4
3,233,jaeyounglee9030,https://codesandbox.io/s/js1-day-three-kecnh
3,234,uom8n105,X
3,235,lim104321,https://codesandbox.io/s/day-three-blueprint-rjegt?file=/src/index.js
3,236,dnova13,https://codesandbox.io/s/day-three-blueprint-z0ey9
3,237,Unbeaten,https://codesandbox.io/s/day-three-blueprint-6u3t3
3,238,apple8250,https://codesandbox.io/s/day-three-blueprint-5o9bf
3,239,junoooya,https://codesandbox.io/s/day-three-blueprint-4lnnw?file=/src/index.js
3,240,junghwan0021,https://codesandbox.io/s/day-three-blueprint-wni36?file=/src/index.js
3,241,jinac502,https://codesandbox.io/s/day-three-blueprint-h6gs2?file=/src/index.js
3,242,wodms4525,https://codesandbox.io/s/day-three-blueprint-rfi4t
3,243,jooooohee,https://codesandbox.io/s/elated-shannon-94cvk
3,244,goodvvi,https://codesandbox.io/s/day-three-blueprint-lcm9w
3,245,jeonseun0000,X
3,246,chobobdevelopment,https://codesandbox.io/s/day-three-blueprint-micvl?file=/src/index.js
3,247,gmldus0407,https://codesandbox.io/s/day-three-blueprint-wi9v2
3,248,vksxkfkttk,https://codesandbox.io/s/day-three-blueprint-pv41x?file=/src/index.js
3,249,kingtogi07,https://codesandbox.io/s/day-bluprint-ligrv?file=/src/index.js
3,250,qnfqnfqnf,https://codesandbox.io/s/day-three-blueprint-37pt1
3,251,xptmffk9306,X
3,252,dems15802,https://codesandbox.io/s/day-three-blueprint-9tnve?file=/src/index.js
3,253,goumi1009,https://codesandbox.io/s/day-three-blueprint-mtv9c
3,254,joojae26,https://codesandbox.io/s/day-three-blueprint-cox4c?file=/src/index.js
3,255,dasolyou,https://codesandbox.io/s/day-three-blueprint-ghclm?file=/src/index.js
3,256,chogyeongmo98,X
3,257,itwipsy17,https://codesandbox.io/s/focused-babbage-v7wdh
3,258,judrin01,https://codesandbox.io/s/day-three-blueprint-syely
3,259,wkdehsnfl1,https://codesandbox.io/s/day-three-blueprint-zevux
3,260,yth011026,X
3,261,seo930807,X
3,262,rkdlsld22,X
3,263,sky2197kr,https://codesandbox.io/s/day-three-blueprint-ckh58?file=/src/index.js
3,264,rbf0214,https://codesandbox.io/s/day-three-blueprint-4ofsg
3,265,kimmsoll,X
3,266,taulmax,https://codesandbox.io/s/day-three-blueprint-3o4pc
3,267,dbals75,https://codesandbox.io/s/day-three-blueprint-wkuql?file=/src/index.js
3,268,mwk0614,https://codesandbox.io/s/day-three-blueprint-968vh
3,269,thecho2cho2,https://codesandbox.io/s/day-three-blueprint-b2otm
3,270,dbwk0404,https://codesandbox.io/s/day-three-blueprint-pcsf0?file=/src/index.js
3,271,sjl0614,https://codesandbox.io/s/day-three-blueprint-3hwoz
3,272,jaybymyrrh,https://codesandbox.io/s/day-three-blueprint-g7wyb
3,273,ahzi,https://codesandbox.io/s/js-day-three-c9hn0
3,274,bykim,https://codesandbox.io/s/day-three-blueprint-se4uc?file=/src/index.js
3,275,theazxce,https://codesandbox.io/s/day-three-blueprint-87uze
3,276,ghj20345,https://codesandbox.io/s/day-three-blueprint-rbl1m
3,277,maguire1815,https://codesandbox.io/s/day-three-blueprint-qgssb?file=/src/index.js
3,278,alliekim0115,https://codesandbox.io/s/day-three-blueprint-cd2oy?file=/src/index.js
3,279,rlawjdqls95,X
3,280,tsc03018,https://codesandbox.io/s/day-three-blueprint-xyhdc
3,281,hyejinkim1207,https://codesandbox.io/s/day-three-blueprint-cxi4g?file=/src/index.js
3,282,mwson987,https://codesandbox.io/s/day-three-blueprint-cwnf2?file=/src/index.js
3,283,bonbon0202,https://codesandbox.io/s/day-three-blueprint-zgirk?file=/src/index.js
3,284,klerwer2564,https://codesandbox.io/s/day-three-blueprint-zfjvb?file=/src/index.js
3,285,gphye97,https://codesandbox.io/s/day-three-blueprint-yjj6d?file=/src/index.js
3,286,khj2235720,https://codesandbox.io/s/day-three-blueprint-74ov0?file=/src/index.js
3,287,lgylgy1919,https://codesandbox.io/s/day-three-blueprint-q896s
3,288,hker86,https://codesandbox.io/s/day-three-blueprint-xmkuw?file=/src/index.js
3,289,noizymob,https://codesandbox.io/s/day-three-blueprint-hvvyb?file=/src/index.js:573-1416
3,290,letsummerparty,https://codesandbox.io/s/vanilajsday3-h0l9p
3,291,nibblekk,https://codesandbox.io/s/day-three-blueprint-0ekl2?file=/index.html:0-257
3,292,showh7,X
3,293,rlawogud970301,https://codesandbox.io/s/day-three-blueprint-893qy?file=/src/index.js
3,294,Mapoking,https://codesandbox.io/s/day-three-blueprint-n3su7?file=/src/index.js
3,295,guddlf4752,https://codesandbox.io/s/day-three-blueprint-t963n?file=/src/index.js
3,296,tombyun,https://codesandbox.io/s/day-three-blueprint-913qs?file=/src/index.js
3,297,dyha7648,https://codesandbox.io/s/day-three-blueprint-q40fs?file=/src/index.js
3,298,bakseo3060,https://codesandbox.io/s/day-three-blueprint-pv3ie
3,299,chohyeryungcho,X
3,300,jjackii,https://codesandbox.io/s/day-three-blueprint-o2fj0?
3,301,pooh24806,https://codesandbox.io/s/infallible-ritchie-jnqf7
3,302,sglee716,https://codesandbox.io/s/day-three-blueprint-rsiq2
3,303,djliz,https://codesandbox.io/s/day-three-blueprint-8xb99
3,304,yunna3828,https://codesandbox.io/s/day-three-blueprint-mohjd?file=/src/index.js
3,305,bellnuite,https://codesandbox.io/s/day-three-blueprint-nitmq?file=/src/index.js
3,306,k5946k,https://codesandbox.io/s/day-three-blueprint-fqq1d?file=/src/index.js
3,307,lheojyl,https://codesandbox.io/s/day-three-blueprint-tnre3?file=/src/index.js
3,308,albatross918,https://codesandbox.io/s/day-three-blueprint-86elu?file=/src/index.js
3,309,gyungteck,https://codesandbox.io/s/day-three-blueprint-71nbi
3,310,symphony89,https://codesandbox.io/s/day-three-blueprint-yl36h
3,311,AshBell,https://codesandbox.io/s/js-day-three-blueprint-vlzqg
3,312,yamiguofficial,https://codesandbox.io/s/day-three-blueprint-xdnjb
3,313,namja306,https://codesandbox.io/s/day-three-blueprint-v97pw?file=/src/index.js
3,314,arymantar321,https://codesandbox.io/s/day-three-blueprint-q5tjv
3,315,a01050919568,https://codesandbox.io/s/day-three-blueprint-gm0sd
3,316,orionx6x,https://codesandbox.io/s/day-three-blueprint-w07iz?file=/src/index.js
3,317,zoocasso1590,https://codesandbox.io/s/day-three-blueprint-lcoxm?file=/src/index.js:573-1389
3,318,hhan0315,https://codesandbox.io/s/day-three-blueprint-0k145
3,319,sprtms1gh,https://codesandbox.io/s/day-three-blueprint-pwh08
3,320,0522dh,https://codesandbox.io/s/day-three-blueprint-p2emj?file=/src/index.js
3,321,osh9403,https://codesandbox.io/s/day-three-blueprint-nwiy6?file=/src/index.js
3,322,christopherlee0222,https://codesandbox.io/s/day-three-blueprint-5y4ex
3,323,seoksam2,https://codesandbox.io/s/vanilachallengeday3-9rpxq?file=/src/index.js
3,324,ntchero,https://codesandbox.io/s/day-three-blueprint-jq8cp?file=/src/index.js
3,325,hjyu1408,X
3,326,readysetgo88,X
3,327,greendog03,https://codesandbox.io/s/day-three-blueprint-6bzf4?file=/src/index.js
3,328,choi.hannah,https://codesandbox.io/s/hannah-js-z8i62
3,329,funny4u,https://codesandbox.io/s/day-three-blueprint-vuxb3
3,330,saintluxpgw,https://codesandbox.io/s/day-three-blueprint-q9172
3,331,gyqls0830,https://codesandbox.io/s/day-three-blueprint-mmsv2?file=
3,332,dndpr24,X
3,333,indi121,X
3,334,seongmin0801,https://codesandbox.io/s/day-three-blueprint-kjdcq
3,335,ykdy3951,https://codesandbox.io/s/day-three-blueprint-64yls?file=/src/index.js
3,336,askysoul,X
3,337,neophilia85,https://codesandbox.io/s/day-three-blueprint-wszi8?file=/src/index.js
3,338,tmddnjs12580,https://codesandbox.io/s/wonderful-bush-f5xkq
3,339,wintering2448,https://codesandbox.io/s/day-three-blueprint-f022w?file=/src/index.js
3,340,eunji.lee37,https://codesandbox.io/s/day-three-blueprint-kqrru
3,341,foamless,https://codesandbox.io/s/day-three-blueprint-z0pt4
3,342,jon.ganebski,https://codesandbox.io/s/day-three-blueprint-rm0td?file=/src/index.js
3,343,rdcmji,https://codesandbox.io/s/day-three-blueprint-pn2k9
3,344,2kanghee1,https://codesandbox.io/s/day-three-blueprint-ehs1x?file=/src/index.js
3,345,ironlove77,https://codesandbox.io/s/day-three-blueprint-rm0ml
3,346,ddaeddae.kim,https://codesandbox.io/s/day-three-blueprint-36ipe?file=/src/index.js
3,347,telestop,https://codesandbox.io/s/day-three-blueprint-fdq5z
3,348,selena.jy.lee,X
3,349,gyeyoon2,https://codesandbox.io/s/day-three-blueprint-lmisf
3,350,danian1908,https://codesandbox.io/s/day-three-blueprint-lk1m9
3,351,onhyhk,X
3,352,sonajin11,https://codesandbox.io/s/day-three-blueprint-8bygj
3,353,EPOCS,https://codesandbox.io/s/day-three-blueprint-lqy5l
3,354,leeact.js,https://codesandbox.io/s/day-three-blueprint-4j1in?file=/src/index.js
3,355,kimheeyeon1103,https://codesandbox.io/s/day-three-blueprint-k5bho
3,356,leekh9047,https://codesandbox.io/s/day-three-blueprint-o72sr
3,357,guitarlove00,X
3,358,yonjijo,X
3,359,ljh1012kr,X
3,360,bgdonghwi,https://codesandbox.io/s/day-three-blueprint-5ef2x
3,361,monsterkos10,https://codesandbox.io/s/day-three-blueprint-fj4kf?file=/src/index.js
3,362,KID,https://codesandbox.io/s/day-three-blueprint-cip1q
3,363,wlahdl94,https://codesandbox.io/s/day-three-blueprint-tx8j3?file=/src/index.js
3,364,hyunwhakim91,https://codesandbox.io/s/day-three-blueprint-ujp87
3,365,paul619,https://codesandbox.io/s/day-three-blueprint-3z6bl?file=/src/index.js
3,366,skaleevn,X
3,367,kpkim1988,https://codesandbox.io/s/vanillajs-hw-0423-hcife?file=/src/index.js
3,368,kimms9559,https://repl.it/@kimms9559/js1
3,369,gprb4740,https://codesandbox.io/s/day-three-blueprint-k6x3x?file=/src/index.js
3,370,pthink90,https://codesandbox.io/s/day-three-blueprint-sx5ew
3,371,kswjip1,https://codesandbox.io/s/winter-waterfall-kigc9
3,372,uem2530,https://codesandbox.io/s/jovial-sea-dh7b2
3,373,jeong020475,https://codesandbox.io/s/day-three-blueprint-d0rvl?file=/src/index.js
3,374,pffiro,https://codesandbox.io/s/daythreeho-w0qdo
3,375,ocean1229,X
3,376,salswnss,https://codesandbox.io/s/day-three-blueprint-m9u5z?file=/src/index.js
3,377,allbybit,https://codesandbox.io/s/day-three-blueprint-q1fbd
3,378,devsari,https://codesandbox.io/s/day-three-blueprint-to0vb?file=/src/index.js
3,379,didls1228,X
3,380,youleenang,X
3,381,lupanfree,X
3,382,seungyeon,https://codesandbox.io/s/day-three-blueprint-ctetg?file=/src/index.js
3,383,itvery24680,X
3,384,kebee19,https://codesandbox.io/s/day-three-blueprint-tkb6v
3,385,hemi_j,X
3,386,ychae1997,X
3,387,donbae9300,https://codesandbox.io/s/day-three-blueprint-g402q
3,388,rlxo1651,https://codesandbox.io/s/day-three-blueprint-gwxg4
3,389,zhfkaepdh137,https://codesandbox.io/s/day-three-blueprint-gbbcy?file=/src/index.js
3,390,hshine1226,https://codesandbox.io/s/day-three-blueprint-4i9ug?file=/src/index.js
3,391,bluseharp,https://codesandbox.io/s/day-three-blueprint-zg9cp?file=/src/index.js
3,392,semisemison,https://codesandbox.io/s/day-three-blueprint-hgvqu
3,393,kangit2013,https://codesandbox.io/s/day-three-blueprint-2lvpi?file=/src/index.js
3,394,edoyun,https://codesandbox.io/s/day-three-blueprint-crze5?file=/src/index.js
3,395,sitpo96,https://codesandbox.io/s/day-three-blueprint-ilg1b
3,396,yty9323,https://codesandbox.io/s/day-three-blueprint-sume4
3,397,richardl22245,https://codesandbox.io/s/day-three-blueprint-tk0i1
3,398,notarious0110,https://codesandbox.io/s/day-three-blueprint-qfftr
3,399,goidtv,https://codesandbox.io/s/day-three-blueprint-ojvjd
3,400,kimenhye3,https://codesandbox.io/s/day-three-blueprint-yc6yb?file=/src/index.js
3,401,taewookimmr,https://codesandbox.io/s/taewookimmr-day3-1gmpe
3,402,prwiny,https://codesandbox.io/s/day-three-blueprint-1l0jl
3,403,panda_g02,X
3,404,ryuryu10,https://codesandbox.io/s/day-three-blueprint-isfi5
4,1,kyujong93,https://codesandbox.io/s/empty-blueprint-sn46j
4,2,hks0284,https://codesandbox.io/s/empty-blueprint-njfcp
4,3,allmie,https://codesandbox.io/s/vanilasjschallengeday4-7xx29
4,4,terecal,https://codesandbox.io/s/change-background-color-when-resize-event-is-occured-omyyj?ts=ki43q02v
4,5,sysynh2012,https://codesandbox.io/s/blueprint-day4-64g4e?file=/src/index.js
4,6,cheese.woo,https://codesandbox.io/s/empty-blueprint-f45sf?file=/src/index.js
4,7,sogo91q,https://codesandbox.io/s/empty-blueprint-ke4n7
4,8,aroma235,https://codesandbox.io/s/empty-blueprint-81h97?file=/src/index.js
4,9,ibtg0409,https://naradesign.github.io/article/media-query.html
4,10,holy_now,https://codesandbox.io/s/empty-blueprint-v1wi3?file=/src/index.js
4,11,young92117,https://codesandbox.io/s/empty-blueprint-or8rg
4,12,sajacall82,https://codesandbox.io/s/empty-blueprint-9sg44
4,13,shinysunikko,https://codesandbox.io/s/day-three-solution-ppl58
4,14,kyle.song27,https://codesandbox.io/s/homework-crrgy?file=/src/index.js
4,15,miniyoung37,https://codesandbox.io/s/empty-blueprint-oymrd?file=/src/index.js
4,16,sddoong,https://codesandbox.io/s/empty-blueprint-bbgve?file=/src/index.js
4,17,이소희,https://codesandbox.io/s/empty-blueprint-u4tms
4,18,jhoon5245,https://codesandbox.io/s/empty-blueprint-qxy3p?file=/src/index.js
4,19,iedcon12,https://codesandbox.io/s/empty-blueprint-m2v7o?file=/src/index.js
4,20,sagan9,https://codesandbox.io/s/empty-blueprint-o80yr?file=/src/index.js
4,21,absolutecool18,https://codesandbox.io/s/empty-blueprint-qdxt3?file=/src/index.js
4,22,Haneul Ji,https://codesandbox.io/s/day-four-0nr32
4,23,gangeun25,https://codesandbox.io/s/empty-blueprint-ut0bm
4,24,tb25271,https://codesandbox.io/s/nomadecoderday4-jso9q
4,25,7.15junekim,https://codesandbox.io/s/empty-blueprint-0os34
4,26,jgam,https://codesandbox.io/s/empty-blueprint-uuv4f?file=/src/index.js
4,27,mmj2rv9,X
4,28,z_zzlzl,https://codesandbox.io/s/empty-blueprint-wykxy?file=/src/index.js
4,29,mukhon1128,https://codesandbox.io/s/empty-blueprint-q12r5
4,30,copyx00,https://codesandbox.io/s/empty-blueprint-xhfqt
4,31,doulos2008,https://codesandbox.io/s/empty-blueprint-o68zo
4,32,disneyhan,https://codesandbox.io/s/empty-blueprint-orki7?file=/index.html
4,33,sangmin613,X
4,34,mcqui,https://codesandbox.io/s/empty-blueprint-jgsxe?file=/src/index.js
4,35,nayun011,X
4,36,joabyjoa,https://codesandbox.io/s/empty-blueprint-uc6xw?file=/src/index.js
4,37,gpdnjs707,https://codesandbox.io/s/empty-blueprint-ly9iz
4,38,iandonghun,https://codesandbox.io/s/day4-od6f0?file=/index.html
4,39,jaykorea93,https://codesandbox.io/s/empty-blueprint-fmhs5?file=/src/index.js
4,40,9ma,X
4,41,viapolar,https://codesandbox.io/s/empty-blueprint-hle06
4,42,kure,https://codesandbox.io/s/empty-blueprint-ynp7k
4,43,mina.park127,https://codesandbox.io/s/empty-blueprint-n2yef?file=/src/index.js
4,44,vero911,https://codesandbox.io/s/empty-blueprint-ioy8k?file=/src/index.js
4,45,eastline,https://codesandbox.io/s/empty-blueprint-3c9xr?file=/src/index.js
4,46,heyfranksmile,https://codesandbox.io/s/empty-blueprint-48g20?file=/src/index.js
4,47,m9dnrs8608,https://codesandbox.io/s/empty-blueprint-bsvc4
4,48,sunghk0901,https://codesandbox.io/s/challenge-4-m36fp
4,49,jin0kim326,https://codesandbox.io/s/empty-blueprint-i88wj?file=/src/index.js
4,50,Soo,https://codesandbox.io/s/empty-blueprint-s0r61
4,51,arvid117,https://codesandbox.io/s/four-blueprint-w61z6
4,52,wjdwlsrb423,https://codesandbox.io/s/secondq-qwxbc
4,53,tpehdj12,https://codesandbox.io/s/empty-blueprint-ehojr?file=/src/index.js
4,54,eagle_0610,https://codesandbox.io/s/empty-blueprint-2bw87
4,55,hm2712,https://codesandbox.io/s/laughing-hoover-85yh2?file=/src/index.js
4,56,holjune,https://codesandbox.io/s/empty-blueprint-1ho8e?file=/src/index.js
4,57,qoik11,https://codesandbox.io/s/empty-blueprint-i32i7?file=/src/index.js
4,58,ok7375,https://codesandbox.io/s/compassionate-joliot-slmew?file=/index.html
4,59,sk97.kang,https://codesandbox.io/s/empty-blueprint-pnszd?file=/src/index.js
4,60,appsleaf,https://codesandbox.io/s/empty-blueprint-8nwf5
4,61,lilyss,https://codesandbox.io/s/day4-vanilla-ldu5x
4,62,nick.lee.5002,https://codesandbox.io/s/empty-blueprint-fmz78
4,63,artless1112,https://codesandbox.io/s/empty-blueprint-5q2qc?file=/src/index.js
4,64,a01048588109,https://codesandbox.io/s/empty-blueprint-r4790
4,65,avecjs,https://codesandbox.io/s/empty-blueprint-lztul?file=/src/index.js
4,66,minju.kwon.0417,https://codesandbox.io/s/empty-blueprint-52bo5?file=/src/index.js
4,67,jang2620,https://codesandbox.io/s/empty-blueprint-fbiot?file=/src/index.js
4,68,wangjin8855,https://codesandbox.io/s/empty-blueprint-2opj4
4,69,yoonjiyong86,https://codesandbox.io/s/empty-blueprint-3dtg7?file=/src/index.js
4,70,kiyhdn,https://codesandbox.io/s/empty-blueprint-27vvv?file=/src/index.js
4,71,sbseok12,https://codesandbox.io/s/empty-blueprint-xru6b
4,72,taehwan920,https://codesandbox.io/s/empty-blueprint-osi3d?file=/src/index.js
4,73,wodud2920,https://codesandbox.io/s/vanillajschallengeday4-6yzbz
4,74,auddnjs2008,https://codesandbox.io/s/empty-blueprint-q4wdn?file=/src/index.js
4,75,ionrabit,X
4,76,dami.k.dev,https://codesandbox.io/s/empty-blueprint-0tc6g?file=/src/index.js
4,77,Daniel0426,https://codesandbox.io/s/empty-blueprint-e3mog
4,78,bin7665,https://codesandbox.io/s/empty-blueprint-jcnnv?file=/src/index.js
4,79,jhyun,https://codesandbox.io/s/empty-blueprint-440dm?file=/src/index.js
4,80,tbnsok40,https://codesandbox.io/s/empty-blueprint-sjijk?file=/src/styles.css
4,81,peinguin77,https://codesandbox.io/s/empty-blueprint-ccevk
4,82,xkqvor123,https://codesandbox.io/s/empty-blueprint-obuht?file=/src/index.js
4,83,kdkmulti,https://codesandbox.io/s/empty-blueprint-iok3h?file=/src/index.js
4,84,jimingoal,https://codesandbox.io/s/vanillajs-challenge-day4-ghrlw?file=/src/index.js
4,85,jjongle99,https://codesandbox.io/s/empty-blueprint-zyqyx?file=/src/index.js
4,86,hope4_u,https://codesandbox.io/s/empty-blueprint-lfkcv
4,87,ohb4199,https://codesandbox.io/s/empty-blueprint-c213h
4,88,sittic123,https://codesandbox.io/s/empty-blueprint-cjd7j?file=/src/index.js
4,89,wjdgns1734,https://codesandbox.io/s/empty-blueprint-jkdmm?file=/src/index.js
4,90,wnsgh5049,https://codesandbox.io/s/js-day-four-third-q4h4g
4,91,seungdang123,https://codesandbox.io/s/empty-blueprint-jy8kf
4,92,than4502,https://codesandbox.io/s/empty-blueprint-4e0bz
4,93,bando1335owwpgyu,https://codesandbox.io/s/empty-blueprint-51e30?file=/src/index.js
4,94,sangjik9206,https://codesandbox.io/s/empty-blueprint-lm789?file=/src/index.js
4,95,ofleaf,https://codesandbox.io/s/day-four-blueprint-1vihy
4,96,kiss0104040,https://codesandbox.io/s/empty-blueprint-n7qu4
4,97,dnsauds,https://codesandbox.io/s/empty-blueprint-83tms
4,98,quasar0529,https://codesandbox.io/s/empty-blueprint-9u0rr
4,99,plus470,https://codesandbox.io/s/empty-blueprint-y8sw9?file=/src/index.js
4,100,wngh203,https://codesandbox.io/s/day4vanillajs-17ndo?file=/src/index.js
4,101,didguscjf95,https://codesandbox.io/s/empty-blueprint-lp5xt
4,102,kjw970103,https://codesandbox.io/s/empty-blueprint-kvnsb?file=/index.html
4,103,dbro0423,https://codesandbox.io/s/empty-blueprint-h8vk9
4,104,91aiden.lee,https://codesandbox.io/s/vanillajs-day-04-ympyq
4,105,jjucc99,https://codesandbox.io/s/empty-blueprint-y3u8k?file=/src/index.js:194-228
4,106,hjy9946,https://codesandbox.io/s/empty-blueprint-4rfht?file=/src/index.js
4,107,fkdlxj3355,https://codesandbox.io/s/empty-blueprint-hlp22
4,108,Zian,https://codesandbox.io/s/empty-blueprint-rvsz9?file=/src/index.js
4,109,minamhunmin,https://codesandbox.io/s/empty-blueprint-posqb
4,110,haileykwon8,https://codesandbox.io/s/empty-blueprint-lue0o?file=/src/index.js
4,111,wlsry45246,X
4,112,bae3470,https://codesandbox.io/s/empty-blueprint-wy0o5?file=/src/index.js
4,113,ryric.lim,https://codesandbox.io/s/empty-blueprint-c6q5r
4,114,popdf10,https://codesandbox.io/s/day4-rvzjw
4,115,hooo0503,https://codesandbox.io/s/empty-blueprint-gztuk?file=/src/index.js
4,116,DY,https://codesandbox.io/s/empty-blueprint-uter3?file=/src/index.js
4,117,kkho5555,https://codesandbox.io/s/empty-blueprint-1mu3o
4,118,soojin1116,https://codesandbox.io/s/empty-blueprint-b1sbo
4,119,coseo1221,https://codesandbox.io/s/mystifying-snow-3rxvi
4,120,chlgudwnd123,https://codesandbox.io/s/empty-blueprint-nke0g
4,121,jong951005,https://codesandbox.io/s/empty-blueprint-ck7u9?file=/src/styles.css
4,122,piecemakerz,https://codesandbox.io/s/empty-blueprint-u1y65
4,123,busgamer,https://codesandbox.io/s/empty-blueprint-dd3ir
4,124,twa333,https://codesandbox.io/s/empty-blueprint-hemtq?file=
4,125,wlgpdnjs8873,https://codesandbox.io/s/empty-blueprint-cy3l9
4,126,ccinodev,https://codesandbox.io/s/empty-blueprint-28kbj?file=/src/index.js
4,127,hisundl,X
4,128,kdsgood12,https://codesandbox.io/s/empty-blueprint-zeidy
4,129,ogwi0402,https://codesandbox.io/s/empty-blueprint-lpisc?file=/src/index.js
4,130,chariot0511,https://codesandbox.io/s/empty-blueprint-uxv52?file=/src/index.js
4,131,ygflove,https://codesandbox.io/s/day4-blueprint-j5m5q
4,132,gojh0111,https://codesandbox.io/s/day-four-blueprint-fuls9
4,133,qwes123,https://codesandbox.io/s/empty-blueprint-u3k65
4,134,ayh0429,X
4,135,dmdwls0208,X
4,136,imbgirl,https://codesandbox.io/s/empty-blueprint-7s0re
4,137,sohappy1220,https://codesandbox.io/s/empty-blueprint-y6tmc
4,138,ziyoung1121,https://codesandbox.io/s/empty-blueprint-k5bsv?file=/src/index.js
4,139,dlwogur5656,https://codesandbox.io/s/empty-blueprint-9x03m?file=/src/index.js
4,140,jihk0227,https://codesandbox.io/s/empty-blueprint-b6vkt?file=/src/index.js
4,141,chicori3,https://codesandbox.io/s/vanilajs0423-ut8h5
4,142,dspf3527,https://codesandbox.io/s/empty-blueprint-srssg?file=/src/index.js
4,143,code.minnam,https://codesandbox.io/s/empty-blueprint-bj4ti?file=/src/index.js
4,144,ska2748,https://codesandbox.io/s/vibrant-cdn-m1pk7?file=/index.html
4,145,wook2124,https://codesandbox.io/s/day-four-blueprint-wtyxv
4,146,70000city,https://codesandbox.io/s/empty-blueprint-zjtl0
4,147,dyongdi,https://codesandbox.io/s/empty-blueprint-gk4q4?file=/src/index.js
4,148,rainha1005,X
4,149,younny616,https://codesandbox.io/s/empty-blueprint-3e3bf?file=/src/index.js
4,150,carrotcold,https://codesandbox.io/s/empty-blueprint-spzfd
4,151,charleslee522,https://codesandbox.io/s/empty-blueprint-t1u1h
4,152,ktx3216,https://codesandbox.io/s/empty-blueprint-j9n4b?file=/src/index.js
4,153,marsinn,https://codesandbox.io/s/empty-blueprint-5fl7r
4,154,bloarin,https://codesandbox.io/s/hyunchoitanjs0423-e9d7f
4,155,bongbong107,https://codesandbox.io/s/empty-blueprint-cy70y
4,156,kwan765,https://codesandbox.io/s/empty-blueprint-t91lr
4,157,cheonyulin,https://codesandbox.io/s/empty-blueprint-o3u7t?file=/src/index.js
4,158,mayuz,https://codesandbox.io/s/empty-blueprint-xkte3
4,159,aurora0423,https://codesandbox.io/s/empty-blueprint-pw2rd?file=/src/index.js
4,160,chessg55,https://codesandbox.io/s/empty-blueprint-fy4ri
4,161,skyhj91,https://codesandbox.io/s/empty-blueprint-ll9on?file=/src/index.js
4,162,jcm940308,https://codesandbox.io/s/day-four-m1ywp
4,163,esspacetom,https://codesandbox.io/s/empty-blueprint-gi0tz?file=/src/index.js
4,164,kcdmlry,https://codesandbox.io/s/vanillajs-challenge-code-day2-xllet
4,165,mongze,https://codesandbox.io/s/empty-blueprint-3hwke
4,166,lena7173,https://codesandbox.io/s/empty-blueprint-7668k?file=/src/index.js
4,167,uy23,https://codesandbox.io/s/empty-blueprint-45tjj?file=/src/index.js
4,168,hero_come,https://codesandbox.io/s/empty-blueprint-ut83p?file=/src/index.js
4,169,rsm0503,https://codesandbox.io/s/empty-blueprint-f117f
4,170,c01d_br0th3r,https://codesandbox.io/s/empty-blueprint-jpfkc
4,171,am030927,https://codesandbox.io/s/empty-blueprint-28rcs?file=/src/index.js
4,172,119wjw,https://codesandbox.io/s/empty-blueprint-k6b2o?file=/src/index.js
4,173,slsms311@gmail.com,https://codesandbox.io/s/empty-blueprint-79trz?file=/src/index.js
4,174,imsong1997,https://codesandbox.io/s/empty-blueprint-5jgsp?file=/src/index.js
4,175,tkdtn800,https://codesandbox.io/s/empty-blueprint-u2v3n
4,176,ynj3126,X
4,177,ggmmll0620,https://codesandbox.io/s/empty-blueprint-sxqj6
4,178,md2eoseo,https://codesandbox.io/s/empty-blueprint-ehypq
4,179,kdhyo98,https://codesandbox.io/s/empty-blueprint-nuzq5
4,180,yellowray,X
4,181,22mallox,https://codesandbox.io/s/day4-mpty-blueprint-7ss9s?file=/src/index.js
4,182,ars_magica,https://codesandbox.io/s/empty-blueprint-fp3yv
4,183,gamja941126,https://codesandbox.io/s/empty-blueprint-u6ufs?file=/src/index.js
4,184,jiheenim27,https://codesandbox.io/s/empty-blueprint-t7ggn?file=/src/index.js
4,185,byeoru215,https://codesandbox.io/s/empty-blueprint-y6ej7?file=/src/index.js
4,186,dltjsals6356,https://codesandbox.io/s/empty-blueprint-zmp5w?file=/src/index.js
4,187,galaxyhi4276,https://codesandbox.io/s/empty-blueprint-gtkrm?file=/src/index.js
4,188,canopenerKim,https://codesandbox.io/s/empty-blueprint-ulsgi
4,189,wjddustmdrj,https://codesandbox.io/s/empty-blueprint-sc58v?file=/src/index.js
4,190,ichung91,https://codesandbox.io/s/empty-blueprint-mm7ur?file=/src/index.js
4,191,woorjb133,https://codesandbox.io/s/empty-blueprint-hlqcb
4,192,amkor,https://codesandbox.io/s/vanilla-day4-code-rytz2
4,193,rkddlsl1001,X
4,194,mizi,https://codesandbox.io/s/empty-blueprint-8sksz
4,195,21500514,https://codesandbox.io/s/empty-blueprint-dhlvq?file=/src/index.js
4,196,sing2song,https://codesandbox.io/s/empty-blueprint-zchu5?file=/src/index.js
4,197,a95067300,https://codesandbox.io/s/empty-blueprint-ywxfr?file=/src/index.js
4,198,hjaedeok,https://codesandbox.io/s/empty-blueprint-9wnbp?file=/src/index.js
4,199,ehdtn6288,https://codesandbox.io/s/empty-blueprint-ih0v5
4,200,dbzos3,https://codesandbox.io/s/empty-blueprint-e088p
4,201,myasdqweh,https://codesandbox.io/s/empty-blueprint-h7vhu
4,202,jaeyounglee9030,https://codesandbox.io/s/js1-day-four-hqj97
4,203,lim104321,https://codesandbox.io/s/empty-blueprint-59i7x?file=/src/index.js
4,204,dnova13,https://codesandbox.io/s/empty-blueprint-eub5e
4,205,Unbeaten,https://codesandbox.io/s/empty-blueprint-wu6po
4,206,apple8250,https://codesandbox.io/s/empty-blueprint-edjr6?file=/src/index.js
4,207,junoooya,https://codesandbox.io/s/empty-blueprint-msxj3?file=/src/index.js
4,208,junghwan0021,https://codesandbox.io/s/empty-blueprint-5j0ht?file=/src/index.js
4,209,jinac502,https://codesandbox.io/s/empty-blueprint-3f6h8?file=/src/index.js
4,210,wodms4525,https://codesandbox.io/s/empty-blueprint-8805j?file=/src/index.js
4,211,jooooohee,https://codesandbox.io/s/festive-sea-mlfsz
4,212,goodvvi,https://codesandbox.io/s/empty-blueprint-qtsmf
4,213,chobobdevelopment,X
4,214,gmldus0407,X
4,215,vksxkfkttk,https://codesandbox.io/s/empty-blueprint-04pei?file=/src/index.js
4,216,kingtogi07,https://codesandbox.io/s/empty-blueprint-vc0m1?file=/src/index.js
4,217,qnfqnfqnf,https://codesandbox.io/s/empty-blueprint-yt8ry
4,218,dems15802,https://codesandbox.io/s/empty-blueprint-orx6i?file=/src/index.js
4,219,goumi1009,https://codesandbox.io/s/empty-blueprint-jtc61
4,220,joojae26,https://codesandbox.io/s/empty-blueprint-ub9ly?file=/src/index.js
4,221,dasolyou,https://codesandbox.io/s/empty-blueprint-ih7qn?file=/src/index.js
4,222,itwipsy17,https://codesandbox.io/s/empty-blueprint-6s1gn
4,223,judrin01,https://codesandbox.io/s/empty-blueprint-s9gey
4,224,wkdehsnfl1,https://codesandbox.io/s/day-fore-blueprint-4uuo4
4,225,seo930807,https://codesandbox.io/s/empty-blueprint-yz51d
4,226,sky2197kr,https://codesandbox.io/s/empty-blueprint-p3ezv?file=/src/index.js
4,227,rbf0214,https://codesandbox.io/s/empty-blueprint-pyblm
4,228,kimmsoll,https://codesandbox.io/s/empty-blueprint-o22sn?file=/src/index.js
4,229,taulmax,https://codesandbox.io/s/empty-blueprint-9b4g5
4,230,dbals75,X
4,231,mwk0614,https://codesandbox.io/s/empty-blueprint-727qi
4,232,thecho2cho2,https://codesandbox.io/s/empty-blueprint-svvl9
4,233,dbwk0404,https://codesandbox.io/s/empty-blueprint-u63uc?file=/src/index.js
4,234,sjl0614,https://codesandbox.io/s/empty-blueprint-hm889
4,235,jaybymyrrh,https://codesandbox.io/s/empty-blueprint-y30m4?file=/src/index.js:0-507
4,236,ahzi,https://codesandbox.io/s/js-day-four-b02yc?file=/src/index.js
4,237,bykim,https://codesandbox.io/s/empty-blueprint-iuuoh?file=/src/index.js
4,238,theazxce,https://codesandbox.io/s/empty-blueprint-kysu9
4,239,ghj20345,https://codesandbox.io/s/empty-blueprint-mlccx
4,240,maguire1815,https://codesandbox.io/s/04javascript-hyesz?file=/src/index.js
4,241,alliekim0115,https://codesandbox.io/s/empty-blueprint-6fyjh?file=/src/index.js
4,242,tsc03018,https://codesandbox.io/s/empty-blueprint-j5yvy
4,243,hyejinkim1207,https://codesandbox.io/s/empty-blueprint-ixrhj?file=/src/index.js
4,244,mwson987,https://codesandbox.io/s/empty-blueprint-9zll8
4,245,bonbon0202,https://codesandbox.io/s/empty-blueprint-oz2hc?file=/package.json:0-325
4,246,klerwer2564,https://codesandbox.io/s/empty-blueprint-8z5fl?file=/src/index.js
4,247,gphye97,X
4,248,khj2235720,https://codesandbox.io/s/empty-blueprint-55oxp?file=/index.html
4,249,lgylgy1919,https://codesandbox.io/s/empty-blueprint-wx7lm?file=/src/index.js
4,250,hker86,https://codesandbox.io/s/empty-blueprint-sj0ro?file=/src/index.js
4,251,noizymob,https://codesandbox.io/s/empty-blueprint-bekq4?file=/src/index.js
4,252,letsummerparty,https://codesandbox.io/s/vanillajsday4-t5z7t
4,253,nibblekk,https://codesandbox.io/s/empty-blueprint-8qc0p?file=/README.md
4,254,showh7,https://codesandbox.io/s/day-three-solution-rbc3l?file=/src/index.js
4,255,rlawogud970301,https://codesandbox.io/s/empty-blueprint-wuvbx?file=/src/index.js
4,256,Mapoking,https://codesandbox.io/s/empty-blueprint-qkeow?file=/src/index.js:0-563
4,257,guddlf4752,https://codesandbox.io/s/empty-blueprint-38wjq?file=/src/index.js
4,258,tombyun,https://codesandbox.io/s/empty-blueprint-0bwr6?file=/src/index.js
4,259,dyha7648,https://codesandbox.io/s/empty-blueprint-oc4ss?file=/src/index.js
4,260,bakseo3060,https://codesandbox.io/s/empty-blueprint-jwiwk
4,261,jjackii,https://codesandbox.io/s/empty-blueprint-wz6od?
4,262,pooh24806,https://codesandbox.io/s/empty-blueprint-jty5d?ts=i537yfff
4,263,sglee716,https://codesandbox.io/s/empty-blueprint-e68bx
4,264,djliz,https://codesandbox.io/s/empty-blueprint-yb8js
4,265,yunna3828,https://codesandbox.io/s/empty-blueprint-bi242?file=/src/index.js
4,266,bellnuite,https://codesandbox.io/s/empty-blueprint-4460j?file=/src/index.js
4,267,k5946k,https://codesandbox.io/s/empty-blueprint-uyor5?file=/index.html
4,268,lheojyl,https://codesandbox.io/s/empty-blueprint-7lx8j?file=/src/styles.css
4,269,albatross918,https://codesandbox.io/s/empty-blueprint-7l49x?file=/src/index.js
4,270,gyungteck,https://codesandbox.io/s/empty-blueprint-j5dm6?file=/index.html
4,271,symphony89,X
4,272,AshBell,https://codesandbox.io/s/empty-blueprint-jft9r
4,273,yamiguofficial,https://codesandbox.io/s/empty-blueprint-cp5dm?file=/src/index.js
4,274,namja306,https://codesandbox.io/s/empty-blueprint-5d7px?file=/src/index.js
4,275,arymantar321,https://codesandbox.io/s/empty-blueprint-o2yer?file=/src/index.js
4,276,a01050919568,https://codesandbox.io/s/empty-blueprint-dibcp
4,277,orionx6x,https://codesandbox.io/s/empty-blueprint-7u6yc?file=/src/index.js
4,278,zoocasso1590,https://codesandbox.io/s/empty-blueprint-3iocq
4,279,hhan0315,https://codesandbox.io/s/empty-blueprint-sykb0
4,280,sprtms1gh,https://codesandbox.io/s/empty-blueprint-488d1
4,281,0522dh,https://codesandbox.io/s/empty-blueprint-ojk7d?file=/src/index.js
4,282,osh9403,https://codesandbox.io/s/empty-blueprint-f6uee?file=/src/index.js
4,283,christopherlee0222,https://codesandbox.io/s/empty-blueprint-qu4rn
4,284,seoksam2,https://codesandbox.io/s/vanilachallengeday4-7ur0s?file=/src/index.js
4,285,ntchero,https://codesandbox.io/s/empty-blueprint-1o5i2?file=/src/index.js
4,286,greendog03,https://codesandbox.io/s/empty-blueprint-tg5t6?file=/src/index.js
4,287,choi.hannah,https://codesandbox.io/s/hannah-js-61qwy
4,288,funny4u,https://codesandbox.io/s/empty-blueprint-crdnv
4,289,saintluxpgw,https://codesandbox.io/s/day-four-blueprint-4cf50
4,290,gyqls0830,https://codesandbox.io/s/empty-blueprint-54u1x?file=
4,291,seongmin0801,https://codesandbox.io/s/empty-blueprint-lcs58
4,292,ykdy3951,https://codesandbox.io/s/empty-blueprint-enwko
4,293,askysoul,https://codesandbox.io/s/hjzrz
4,294,neophilia85,https://codesandbox.io/s/empty-blueprint-in63h?file=/src/index.js
4,295,tmddnjs12580,https://codesandbox.io/s/empty-blueprint-4necq?file=/src/index.js
4,296,wintering2448,https://codesandbox.io/s/empty-blueprint-9skyq?file=/src/index.js
4,297,eunji.lee37,https://codesandbox.io/s/empty-blueprint-76roo
4,298,foamless,https://codesandbox.io/s/empty-blueprint-wzes4
4,299,jon.ganebski,https://codesandbox.io/s/empty-blueprint-zlqrr?file=/src/index.js
4,300,rdcmji,https://codesandbox.io/s/empty-blueprint-x8z6q
4,301,2kanghee1,https://codesandbox.io/s/empty-blueprint-1f59y?file=/src/index.js
4,302,ironlove77,https://codesandbox.io/s/day-four-boilerplate-ynvww
4,303,ddaeddae.kim,https://codesandbox.io/s/empty-blueprint-ujq9b?file=/src/index.js
4,304,telestop,https://codesandbox.io/s/empty-blueprint-n8bxl
4,305,selena.jy.lee,https://codesandbox.io/s/empty-blueprint-5hhi1?file=/src/index.js
4,306,gyeyoon2,https://codesandbox.io/s/empty-blueprint-3igki
4,307,danian1908,https://codesandbox.io/s/empty-blueprint-0l66d?file=/src/index.js
4,308,sonajin11,https://codesandbox.io/s/empty-blueprint-iqsr0?file=/src/index.js
4,309,EPOCS,https://codesandbox.io/s/empty-blueprint-dqbrx?file=/src/index.js
4,310,leeact.js,https://codesandbox.io/s/empty-blueprint-uy2x0?file=/src/index.js
4,311,kimheeyeon1103,https://codesandbox.io/s/empty-blueprint-q4h9j
4,312,leekh9047,https://codesandbox.io/s/empty-blueprint-70lpq
4,313,ljh1012kr,https://codesandbox.io/s/empty-blueprint-xv7k4
4,314,bgdonghwi,https://codesandbox.io/s/empty-blueprint-rd1q5
4,315,monsterkos10,https://codesandbox.io/s/empty-blueprint-rx25e?file=/src/index.js
4,316,KID,https://codesandbox.io/s/empty-blueprint-1jxz7
4,317,wlahdl94,https://codesandbox.io/s/empty-blueprint-zqyxy?file=/src/index.js
4,318,hyunwhakim91,X
4,319,paul619,https://codesandbox.io/s/empty-blueprint-fqyl8?file=/src/index.js
4,320,kpkim1988,https://codesandbox.io/s/vanillajs-hw-day4-k3xpy?file=/src/index.js
4,321,kimms9559,https://codesandbox.io/s/empty-blueprint-otpm6?file=/src/index.js
4,322,gprb4740,https://codesandbox.io/s/empty-blueprint-efosx?file=/src/index.js
4,323,pthink90,https://codesandbox.io/s/empty-blueprint-skkcq
4,324,kswjip1,https://codesandbox.io/s/autumn-butterfly-czevl
4,325,uem2530,https://codesandbox.io/s/kind-faraday-26d7u
4,326,jeong020475,https://codesandbox.io/s/empty-blueprint-cjjqx?file=/src/index.js
4,327,ocean1229,https://codesandbox.io/s/empty-blueprint-qeqh9?file=/src/index.js
4,328,salswnss,https://codesandbox.io/s/empty-blueprint-5mm2g?file=/src/index.js
4,329,allbybit,https://codesandbox.io/s/empty-blueprint-x1wik
4,330,devsari,https://codesandbox.io/s/empty-blueprint-i09yj
4,331,didls1228,https://codesandbox.io/s/empty-blueprint-1ibr0?file=/index.html
4,332,lupanfree,https://codesandbox.io/s/empty-blueprint-zquou?file=/src/index.js
4,333,seungyeon,https://codesandbox.io/s/empty-blueprint-4mj7v?file=/src/index.js
4,334,kebee19,https://codesandbox.io/s/empty-blueprint-5oeb1?file=/src/index.js
4,335,hemi_j,https://codesandbox.io/s/p3khp
4,336,ychae1997,https://codesandbox.io/s/empty-blueprint-nofsj
4,337,donbae9300,X
4,338,rlxo1651,https://codesandbox.io/s/empty-blueprint-06xtu
4,339,zhfkaepdh137,https://codesandbox.io/s/empty-blueprint-mvyik?file=/src/index.js
4,340,hshine1226,https://codesandbox.io/s/day-four-blueprint-hs2r6
4,341,bluseharp,https://codesandbox.io/s/empty-blueprint-s92s8
4,342,semisemison,https://codesandbox.io/s/empty-blueprint-m7hvr?file=/src/index.js
4,343,kangit2013,https://codesandbox.io/s/empty-blueprint-oye7q?file=/src/index.js
4,344,edoyun,https://codesandbox.io/s/empty-blueprint-dfiiz?file=/src/index.js
4,345,sitpo96,https://codesandbox.io/s/empty-blueprint-xxwk0
4,346,yty9323,https://codesandbox.io/s/empty-blueprint-707ct
4,347,richardl22245,https://codesandbox.io/s/empty-blueprint-omcsx?file=/src/index.js:120-127
4,348,notarious0110,https://codesandbox.io/s/empty-blueprint-pmpsn
4,349,goidtv,https://codesandbox.io/s/empty-blueprint-svov2
4,350,kimenhye3,https://codesandbox.io/s/empty-blueprint-f3n9k?file=/src/index.js
4,351,taewookimmr,https://codesandbox.io/s/taewookimmrcolorbackground-f24m9?file=/src/index.js
4,352,prwiny,https://codesandbox.io/s/empty-blueprint-wz9x4
4,353,ryuryu10,https://codesandbox.io/s/empty-blueprint-xzb8l
